date,diff
9/11/16,0.0
9/12/16,-0.00845111274357846
9/13/16,0.0008895178432735129
9/14/16,-0.0014954323267679648
9/15/16,0.0011113841231971122
9/16/16,-0.0009045653370076678
9/17/16,-0.0014784203358155779
9/18/16,0.0032359653870761562
9/19/16,-0.0009881885957230274
9/20/16,-0.0010903243324795753
9/21/16,-0.007034951897095798
9/22/16,-0.001060052258436972
9/23/16,-0.0024348256298258875
9/24/16,0.007105714494785698
9/25/16,-0.0015417646809949836
9/26/16,-0.001996560199130304
9/27/16,0.005031635420982283
9/28/16,-0.00020789416266842053
9/29/16,-0.001306992118560668
9/30/16,0.003966252600251963
10/1/16,0.0038526633534194943
10/2/16,-0.0013016817802955494
10/3/16,-0.000801340437097231
10/4/16,-0.0015857577683382473
10/5/16,-0.0017417487774378237
10/6/16,0.0034907311289034126
10/7/16,0.00362476490577901
10/8/16,-0.0017414810790565838
10/9/16,0.0006424110251108672
10/10/16,0.001331209648908871
10/11/16,-0.001952427134382262
10/12/16,0.014067898199039863
10/13/16,0.000649236149781629
10/14/16,-0.0013268428640533791
10/15/16,0.0026768762522606515
10/16/16,0.0023626634012621217
10/17/16,-0.0016620291930897757
10/18/16,-0.0018253703949770994
10/19/16,-0.0048318736520869265
10/20/16,-0.0010572581453396346
10/21/16,0.002896134742613299
10/22/16,0.015897344221169618
10/23/16,-0.0014800266394803252
10/24/16,-0.00123833131535811
10/25/16,0.0026057082362145323
10/26/16,-0.0025657069023092838
10/27/16,0.02004335864162199
10/28/16,0.003461946751816658
10/29/16,-0.001119259252671867
10/30/16,0.007588288064483972
10/31/16,0.002481689506643736
11/1/16,-0.003098103165705357
11/2/16,0.02206044306813082
11/3/16,-0.028867725661637866
11/4/16,-0.0015724986375578176
11/5/16,0.013200505673753415
11/6/16,0.004420260230068251
11/7/16,-0.0012461129017817818
11/8/16,-0.0006060222940535986
11/9/16,0.007265239718648342
11/10/16,0.0003432372698437547
11/11/16,-0.003657047414578951
11/12/16,-0.007185565445743336
11/13/16,-0.0008834221057991698
11/14/16,0.002577276519395877
11/15/16,0.002727046282267942
11/16/16,0.0005006488143153298
11/17/16,0.015128644204766228
11/18/16,0.006178900476130789
11/19/16,0.0008474041359858298
11/20/16,-0.0117069496473583
11/21/16,0.005604870335200296
11/22/16,-0.0009183322862886811
11/23/16,0.0027374800302948366
11/24/16,-0.002454709369726249
11/25/16,-0.0010672442387500425
11/26/16,-0.0011645747214905633
11/27/16,-0.003393244674851026
11/28/16,-0.00038795746769926254
11/29/16,0.003212559959499206
11/30/16,0.005875457552301899
12/1/16,-0.0003744069475235534
12/2/16,0.017425963348607798
12/3/16,-0.004578226763553239
12/4/16,-0.0007734441845066442
12/5/16,-0.004773395416769688
12/6/16,0.0011437505621234578
12/7/16,0.0013582369620896984
12/8/16,0.006096717257834339
12/9/16,0.0001692342164512084
12/10/16,-0.0005304877704475075
12/11/16,0.004449501169222714
12/12/16,0.0
12/13/16,0.0005529959616148439
12/14/16,-0.001733958428643323
12/15/16,0.0010412055931259268
12/16/16,-0.00048670480256074455
12/17/16,0.007117283701573829
12/18/16,-0.0001652252186192804
12/19/16,0.00014870552513146507
12/20/16,0.002427152799840293
12/21/16,0.016715405509374115
12/22/16,0.005632992366984002
12/23/16,0.03320331776515051
12/24/16,-0.004699258836497133
12/25/16,0.0004819517671217355
12/26/16,0.002295305046605467
12/27/16,0.015703510467090176
12/28/16,-1.4004153745972303e-05
12/29/16,0.015155932149871543
12/30/16,-0.005092254267811125
12/31/16,0.002714534069072183
1/1/17,0.017588772228707583
1/2/17,0.007872206058308961
1/3/17,-0.0010914131948007721
1/4/17,0.04604195021776469
1/5/17,-0.05415240163658108
1/6/17,0.002168950835596206
1/7/17,-0.04713784284233302
1/8/17,0.005442677581372735
1/9/17,0.0011223751950772964
1/10/17,-0.002123015556589003
1/11/17,-0.0621608119058088
1/12/17,-0.0023848071880387955
1/13/17,0.024525951222847286
1/14/17,-0.0044269788000921295
1/15/17,0.0008699365950595173
1/16/17,0.005764182161329678
1/17/17,0.036751920604838784
1/18/17,0.0013241573304170196
1/19/17,-0.005205202027707134
1/20/17,-0.0010571040681277566
1/21/17,0.0009800726528155224
1/22/17,0.010994673621535167
1/23/17,0.001637438849184658
1/24/17,-0.000991928412301224
1/25/17,-0.012900018118536583
1/26/17,0.011001083176107151
1/27/17,-0.0004299050386786796
1/28/17,0.0024903774715063776
1/29/17,-0.002071496403523554
1/30/17,-0.0017783995029483357
1/31/17,0.024309706473910175
2/1/17,0.00669981241126516
2/2/17,0.0016442105664502549
2/3/17,0.01288198430230203
2/4/17,0.0076373973418975005
2/5/17,0.001291520725350992
2/6/17,-0.004244150551567127
2/7/17,0.010929006012449172
2/8/17,0.0011275823025993503
2/9/17,-0.03286672895119125
2/10/17,0.010114832813238106
2/11/17,-0.0006583933129946651
2/12/17,0.0013104188945809447
2/13/17,-0.00031576457661497415
2/14/17,0.0005740995625154177
2/15/17,0.004799545077720513
2/16/17,0.00970728595524939
2/17/17,-3.408644530633609e-06
2/18/17,0.008901607596637273
2/19/17,-0.0015885395453767437
2/20/17,-0.0007883373025876494
2/21/17,0.029135562029309003
2/22/17,-0.00021849557925390783
2/23/17,0.002616226257059928
2/24/17,0.016906141365032212
2/25/17,-0.009061901709477738
2/26/17,-8.897902680393699e-05
2/27/17,0.014983753984665338
2/28/17,-0.001163807248357518
3/1/17,0.0012141543236547925
3/2/17,0.024295770640824887
3/3/17,0.00878302211034132
3/4/17,0.0006281056840946597
3/5/17,-0.005455788012103113
3/6/17,0.0014546511633697357
3/7/17,0.0014628801675509173
3/8/17,-0.0435593262629399
3/9/17,0.012966185849821787
3/10/17,-0.00013810495296207037
3/11/17,-0.004736352465090743
3/12/17,0.017446906701994003
3/13/17,6.558176263027349e-05
3/14/17,0.00621349293613882
3/15/17,0.004174652699775905
3/16/17,-0.00013804880661494323
3/17/17,-0.06144210901334812
3/18/17,-0.05915023138253783
3/19/17,0.006993315832692026
3/20/17,0.03507421237739594
3/21/17,0.027876013477328154
3/22/17,-0.0021913146427792185
3/23/17,-0.029967822207434214
3/24/17,-0.042513455387938937
3/25/17,-0.00649867103810875
3/26/17,0.013299738100048586
3/27/17,0.03505980162970568
3/28/17,0.0015926613471179962
3/29/17,-0.00019382041514637294
3/30/17,-0.0011161805329344965
3/31/17,-0.001326177873243406
4/1/17,0.021370166371466492
4/2/17,0.004863116487624719
4/3/17,-0.007644786592735819
4/4/17,0.024094363978127475
4/5/17,-0.0032537872549509572
4/6/17,0.00017270770418287285
4/7/17,0.02127969116656958
4/8/17,-0.0034077150919045174
4/9/17,0.0010577116054952818
4/10/17,0.00861249692669297
4/11/17,0.006733789588825978
4/12/17,-0.0026732240115898698
4/13/17,-0.014145034137289514
4/14/17,0.0019229143230861112
4/15/17,-0.005494178756961343
4/16/17,0.006104690058090778
4/17/17,0.006791641859151376
4/18/17,-0.01045040900629779
4/19/17,0.014856966331662669
4/20/17,0.008389538647707528
4/21/17,-0.0017721201050404645
4/22/17,0.00858248269027495
4/23/17,-0.0011457233522067511
4/24/17,-0.005960752340014253
4/25/17,0.013295547172487154
4/26/17,0.009964766664320557
4/27/17,-0.007053492208978884
4/28/17,0.01435150796556739
4/29/17,0.0012003317702662386
4/30/17,-0.0006442969965450018
5/1/17,0.026592662835105862
5/2/17,0.010566621323858438
5/3/17,-0.0013558598959302337
5/4/17,0.017851889865383885
5/5/17,0.007151605588297194
5/6/17,-0.004150778188187321
5/7/17,0.004867722274787489
5/8/17,0.02865378314960898
5/9/17,0.002765581034711584
5/10/17,0.028450913008388756
5/11/17,0.014083404727350146
5/12/17,0.0019060103391828065
5/13/17,-0.013769592156068988
5/14/17,0.0010762366116248145
5/15/17,0.0008996523769209119
5/16/17,-0.01011243500520731
5/17/17,0.016767149681702787
5/18/17,-0.005684735744795333
5/19/17,0.04120286743647039
5/20/17,0.01977701670199794
5/21/17,-0.009424517921148734
5/22/17,0.017338543110072546
5/23/17,0.03911713467124889
5/24/17,-0.006000332242286799
5/25/17,0.02448925638289179
5/26/17,-0.033109370567149465
5/27/17,0.013119980427815037
5/28/17,-0.016865729884257163
5/29/17,0.01612420469991438
5/30/17,0.002680241232069225
5/31/17,-0.0007756044345663682
6/1/17,0.021010505978765526
6/2/17,0.001930251196692545
6/3/17,0.02038853999302237
6/4/17,-0.0016524455325956922
6/5/17,0.002299311979367058
6/6/17,0.05685206059522274
6/7/17,-0.03420757823915288
6/8/17,0.002941211889298412
6/9/17,0.02277574859043785
6/10/17,0.0027379070037154563
6/11/17,0.0080535984099388
6/12/17,-0.0376909012856812
6/13/17,0.014544096999073997
6/14/17,-0.006718186170166618
6/15/17,-0.04449673158039236
6/16/17,0.003978782729070485
6/17/17,0.0022809428975638646
6/18/17,0.0051309736069580225
6/19/17,0.018616854735947097
6/20/17,-0.0028652666799331428
6/21/17,0.011707572279783474
6/22/17,0.00905008342325031
6/23/17,-0.0022043787613594823
6/24/17,-0.020366916050318373
6/25/17,-0.01307675198493996
6/26/17,-0.00179044418316332
6/27/17,0.0027465022498533997
6/28/17,0.011480193728337529
6/29/17,-0.004567737839588748
6/30/17,-0.013913025987916772
7/1/17,0.004108472007855024
7/2/17,-0.014105489450337405
7/3/17,0.02440637764254605
7/4/17,0.006480413709834654
7/5/17,-0.00014032070958513998
7/6/17,0.0018472429776665855
7/7/17,-0.020226334160375004
7/8/17,0.0020277507251176274
7/9/17,0.00575360824947424
7/10/17,-0.03014419582851202
7/11/17,-0.007232790096215247
7/12/17,0.010811492456061167
7/13/17,-0.0056737036325857915
7/14/17,-0.0030154516449538704
7/15/17,-0.05528009854350824
7/16/17,-0.027824949975769453
7/17/17,-0.004578872024612934
7/18/17,0.0842592724395752
7/19/17,-0.010487589993183555
7/20/17,8.519120264960378e-05
7/21/17,0.07338193716862484
7/22/17,0.019846351106096893
7/23/17,0.0027600902141324823
7/24/17,-0.011476663541777565
7/25/17,-0.03121095990991085
7/26/17,0.0005596071281441795
7/27/17,0.01388764086731209
7/28/17,0.021443916155970744
7/29/17,0.0004936208917412088
7/30/17,-0.0061005284709314545
7/31/17,0.01864811126211441
8/1/17,-0.0005354145207263628
8/2/17,-0.02646759605458282
8/3/17,0.015906116625563627
8/4/17,-0.0006404958440713315
8/5/17,0.0619973586633642
8/6/17,0.004624093020188624
8/7/17,-0.00569356454897374
8/8/17,0.032214313130509264
8/9/17,-0.01275284877114169
8/10/17,-0.002210681561336525
8/11/17,0.03642354685639182
8/12/17,0.025570373650260603
8/13/17,0.0017680527611472208
8/14/17,0.044202416725013904
8/15/17,-0.00674074468663477
8/16/17,-0.0038333536945791558
8/17/17,0.015186903470005397
8/18/17,-0.020363743389696154
8/19/17,-0.0027138455008066664
8/20/17,0.005597622209852826
8/21/17,-0.01209881077524555
8/22/17,-0.006213490149310719
8/23/17,0.020083477974349506
8/24/17,0.016870142889375384
8/25/17,-0.0008560323147968063
8/26/17,0.0028722279311832466
8/27/17,-0.0006184385349690125
8/28/17,-0.0015245239816019662
8/29/17,0.02611644445939776
8/30/17,-0.001226731737045128
8/31/17,-0.001179998290560924
9/1/17,0.0301310020497918
9/2/17,-0.03033315222696853
9/3/17,0.0004911085575312057
9/4/17,-0.023493681676906242
9/5/17,0.014222883335452075
9/6/17,-0.010150950600679387
9/7/17,0.02591624493094402
9/8/17,-0.03333496813862391
9/9/17,0.00015208266824906502
9/10/17,0.0017784449001383429
9/11/17,-0.008289672008686466
9/12/17,-0.005090243810920825
9/13/17,-0.025268883242379747
9/14/17,-0.07674490309669402
9/15/17,-0.013715576542358665
9/16/17,0.068232360517547
9/17/17,-0.0020316448022259515
9/18/17,-0.007900517639223281
9/19/17,0.030197998238261636
9/20/17,0.003744621060413511
9/21/17,-0.009167443677267961
9/22/17,-0.02964617142561199
9/23/17,0.016273175981088794
9/24/17,0.0001417866140398516
9/25/17,0.01855949155793768
9/26/17,-0.003566862669449389
9/27/17,-0.003267255191322427
9/28/17,0.03451127359960626
9/29/17,-0.000870536262310484
9/30/17,-0.0030454998467286387
10/1/17,0.020019616962256404
10/2/17,0.002597628800333318
10/3/17,0.000710845201147503
10/4/17,-0.01702226975230481
10/5/17,0.011530134979075513
10/6/17,-0.002033867277938306
10/7/17,0.005755365685326197
10/8/17,0.021876785852345204
10/9/17,0.000318753552250417
10/10/17,0.01634312600652832
10/11/17,0.003365701802499732
10/12/17,0.00024181481652751913
10/13/17,0.0621295059091147
10/14/17,0.01349740149797407
10/15/17,0.006500310583337665
10/16/17,-0.008641919756828376
10/17/17,-0.008251935403383648
10/18/17,-0.0007021810694385344
10/19/17,0.010201521919926293
10/20/17,0.018686732829864106
10/21/17,0.0005066807102154236
10/22/17,-0.00023623531382543916
10/23/17,-0.007844708726729266
10/24/17,0.0018077488801506725
10/25/17,-0.01734129312876931
10/26/17,0.016792496057215445
10/27/17,-0.00024461942049791574
10/28/17,-0.008422437713123898
10/29/17,0.027579095761557593
10/30/17,-0.0013386496453389185
10/31/17,0.017488736736536392
11/1/17,0.018411369329634386
11/2/17,0.005611010302168484
11/3/17,0.02776380448756921
11/4/17,0.014234556432736856
11/5/17,-0.004198383193579236
11/6/17,-0.02281163110702833
11/7/17,0.0063570244382264995
11/8/17,0.002230164914917232
11/9/17,0.001787259403546848
11/10/17,-0.027463586505980686
11/11/17,-0.009816549645379702
11/12/17,-0.06039867301238644
11/13/17,0.059141252780760656
11/14/17,-0.0037688468257637275
11/15/17,0.050920381788991165
11/16/17,0.029522767254492877
11/17/17,0.002976162887204481
11/18/17,-0.0028589400540912635
11/19/17,0.010457391985118303
11/20/17,0.0022754709823846753
11/21/17,0.0005434909232433505
11/22/17,0.011078041268262062
11/23/17,-0.0016480036232180417
11/24/17,0.0007511438845648755
11/25/17,0.02338341129995003
11/26/17,0.003051306778677265
11/27/17,0.04464991548051245
11/28/17,0.010342490909737823
11/29/17,-0.0014646808701410663
11/30/17,0.009885691526640983
12/1/17,0.030431439920159953
12/2/17,-0.0001609163854405793
12/3/17,0.017706297778624425
12/4/17,0.009559262076201946
12/5/17,0.00023948358841874295
12/6/17,0.06752094787162388
12/7/17,0.0858857405604585
12/8/17,0.009344400300911104
12/9/17,-0.0466730716804058
12/10/17,-0.007901892520846943
12/11/17,0.005777718559174971
12/12/17,0.05937009117184733
12/13/17,-0.011927569510488567
12/14/17,-0.014610415960372158
12/15/17,0.03881876330306966
12/16/17,0.04027142527960681
12/17/17,-0.004900509144671439
12/18/17,-0.007223917514354916
12/19/17,-0.02899795920083026
12/20/17,-0.008759669146816584
12/21/17,-0.034715576147380744
12/22/17,-0.023822863644155312
12/23/17,-0.042442427139556926
12/24/17,0.005406158564713159
12/25/17,0.0052562868771444116
12/26/17,-0.01178836637930658
12/27/17,0.05481077510563814
12/28/17,-0.035050765498155556
12/29/17,-0.005059836226919856
12/30/17,-0.031630585794572674
12/31/17,0.03014817696763128
1/1/18,-0.011481022123954077
1/2/18,0.03650760822971044
1/3/18,0.0013698170884319794
1/4/18,-0.00040472104416888754
1/5/18,0.057648603131383425
1/6/18,0.0036532841742191735
1/7/18,-0.004113005431590544
1/8/18,-0.050692168902431334
1/9/18,-0.0159843740783856
1/10/18,-0.008248638113215634
1/11/18,-0.03574265022963008
1/12/18,0.019670161223054983
1/13/18,-0.0038153599950314643
1/14/18,0.0019395844487792857
1/15/18,0.004964877322364281
1/16/18,-0.014434236386781762
1/17/18,-0.08608644485512507
1/18/18,0.008835183008187641
1/19/18,-0.006580168884848803
1/20/18,0.06405583651802704
1/21/18,-0.05140114338076529
1/22/18,0.00030911811553480106
1/23/18,-0.011092908145380775
1/24/18,0.0022846000413245804
1/25/18,0.004205080425059293
1/26/18,-0.0164018164792763
1/27/18,0.021433214781516163
1/28/18,-0.00353423645621298
1/29/18,-0.00838982218450468
1/30/18,-0.04178743909412219
1/31/18,-0.004351928380933678
2/1/18,-0.04532742621602459
2/2/18,-0.00875887331492553
2/3/18,-0.0024055737842210156
2/4/18,-0.02276441414314867
2/5/18,-0.0893318432527801
2/6/18,0.005467663771062892
2/7/18,0.06803415960941406
2/8/18,0.007472711324373549
2/9/18,0.0002393777001086228
2/10/18,0.003922009274937022
2/11/18,0.0012290448127636466
2/12/18,-0.01457896181747742
2/13/18,0.027618730665635027
2/14/18,0.035711566621535074
2/15/18,0.0063279195286356504
2/16/18,0.029062560171039475
2/17/18,0.02962132616086688
2/18/18,0.009659145176420303
2/19/18,0.0009835651019320935
2/20/18,0.01078687843492343
2/21/18,-0.005541351166607811
2/22/18,-0.054001190856167725
2/23/18,0.00998806072109737
2/24/18,0.0003922872265302857
2/25/18,-0.020757281865074972
2/26/18,0.028262558375186764
2/27/18,-0.0012247684352075794
2/28/18,0.00212869453090736
3/1/18,0.025977261461116008
3/2/18,-0.003098266036823283
3/3/18,0.01544825745877354
3/4/18,0.003940213677612547
3/5/18,0.003279823183850006
3/6/18,-0.029391613306483322
3/7/18,-0.026844178357384507
3/8/18,-0.008565354254257418
3/9/18,-0.038002407696925644
3/10/18,-0.016719830324216645
3/11/18,0.0015548336084192371
3/12/18,0.019612769022562926
3/13/18,-0.0013330579346093607
3/14/18,-5.5033318296704437e-05
3/15/18,-0.03948039493434319
3/16/18,0.008860809256640234
3/17/18,-0.012001824664368499
3/18/18,-0.006670405872656104
3/19/18,0.012603717441105555
3/20/18,0.009882189346265946
3/21/18,0.016930828913449325
3/22/18,-0.012673820223531695
3/23/18,0.001743669351133903
3/24/18,-0.0031467045119506487
3/25/18,-0.002266103176169487
3/26/18,-0.008105417706521845
3/27/18,-0.030949166992503496
3/28/18,0.0046173399677931215
3/29/18,-0.0005333492914609828
3/30/18,-0.06265223231384764
3/31/18,0.003328305395696951
4/1/18,0.0001302284905300155
4/2/18,0.006109716920509545
4/3/18,0.022527233155830828
4/4/18,0.0009393135538684483
4/5/18,-0.03658428505438582
4/6/18,-0.014399776902143113
4/7/18,0.0020210272199303603
4/8/18,0.024372135835299957
4/9/18,-0.020164419364670838
4/10/18,0.005484388077044766
4/11/18,0.008987122616218812
4/12/18,0.05425120862811639
4/13/18,0.005149935900937486
4/14/18,0.0051671934795640695
4/15/18,0.016137471100905465
4/16/18,0.0014218440939055554
4/17/18,-0.025251793097786912
4/18/18,0.014577792425170433
4/19/18,0.0005858972938654894
4/20/18,0.034537888431871444
4/21/18,-0.002238541217286727
4/22/18,0.006042532557058333
4/23/18,0.0001585856906358707
4/24/18,0.02921610219229942
4/25/18,0.004636821730925611
4/26/18,-0.01835628552348778
4/27/18,-0.011795646770601298
4/28/18,-0.003959280126659248
4/29/18,0.01929996679604118
4/30/18,-0.0034900826265511498
5/1/18,-0.0009399991915319816
5/2/18,-0.0008527345161843947
5/3/18,0.019245984622554335
5/4/18,0.005109739092866494
5/5/18,0.0022187792496892733
5/6/18,-0.0077401555370011366
5/7/18,5.879058884472599e-05
5/8/18,-0.018555008809130413
5/9/18,0.004374825088138579
5/10/18,-0.0005440993175036546
5/11/18,-0.04114567919571588
5/12/18,0.0007971440389820117
5/13/18,-0.0010673804892622485
5/14/18,0.00956741010420803
5/15/18,-0.007114474469239518
5/16/18,-0.0020662026176827553
5/17/18,-0.019124818556721213
5/18/18,0.007117171221085794
5/19/18,-5.139069743087532e-05
5/20/18,0.013918473438726764
5/21/18,-0.006265319983919326
5/22/18,0.0005731430367825752
5/23/18,-0.045828011259642754
5/24/18,0.0006004292523380528
5/25/18,0.0006072429380683531
5/26/18,-0.013616570602815958
5/27/18,0.0011177761826632882
5/28/18,-0.0010200997348501772
5/29/18,0.006765864340158245
5/30/18,-0.004357919359971429
5/31/18,7.790897783621631e-05
6/1/18,0.008640072982523783
6/2/18,0.0062941114678118915
6/3/18,-0.0004550695442984143
6/4/18,-0.00785366122656761
6/5/18,0.006633999818698388
6/6/18,0.00021139300557893037
6/7/18,0.003227852699659639
6/8/18,-0.003186625912305896
6/9/18,-0.00026300675427437525
6/10/18,-0.05067037400351815
6/11/18,0.006285221197364965
6/12/18,0.000229329598349981
6/13/18,-0.03712338780860858
6/14/18,0.02220505736431555
6/15/18,-0.000627904599506568
6/16/18,-0.00845590656191808
6/17/18,-0.003013733337973612
6/18/18,-0.0012528530597935017
6/19/18,0.019190395001500438
6/20/18,-0.0014387476211323857
6/21/18,0.0029722160758716143
6/22/18,-0.02841978806211065
6/23/18,-0.013298287674438747
6/24/18,0.002035601274364307
6/25/18,0.002875277512246033
6/26/18,0.0004994544711371951
6/27/18,-0.008543313352483928
6/28/18,0.000742684628264545
6/29/18,-0.01439952056836713
6/30/18,0.02252721731792562
7/1/18,0.010444100148282232
7/2/18,0.00617690440982388
7/3/18,0.010639924032258996
7/4/18,-0.0021781465927763755
7/5/18,0.0006639474689409397
7/6/18,-0.0031595866067548606
7/7/18,0.0025610093685455304
7/8/18,0.010365215428456143
7/9/18,-0.00190242070260771
7/10/18,-0.013996489339639595
7/11/18,-0.008992638524748742
7/12/18,0.0017545500182536422
7/13/18,-0.010907951268160243
7/14/18,-0.00023357661294642895
7/15/18,0.0005452222262762874
7/16/18,0.01807440584224196
7/17/18,0.02307728958520361
7/18/18,0.027656084542303727
7/19/18,0.0044133030299922105
7/20/18,0.001854038277601333
7/21/18,-0.005474999990787488
7/22/18,0.006831891577876892
7/23/18,0.013688380385808774
7/24/18,0.0014217615273448558
7/25/18,0.029173712280504915
7/26/18,-0.003373285781029356
7/27/18,-0.013331876218693584
7/28/18,0.013062723388796993
7/29/18,0.0012767613901889519
7/30/18,0.0007702990639417706
7/31/18,-0.016370174399295667
8/1/18,-0.019403978149467704
8/2/18,0.0021076372552846223
8/3/18,-0.012344614060980863
8/4/18,-0.008704411238016796
8/5/18,-0.014407041826829392
8/6/18,-0.001439494887171211
8/7/18,0.0003375907896590036
8/8/18,-0.017440539269649946
8/9/18,-0.021293962530599675
8/10/18,-1.8863256310730492e-05
8/11/18,-0.017847238504880014
8/12/18,0.012012437177610469
8/13/18,0.0024660472408419842
8/14/18,-0.006545288359899981
8/15/18,0.007611871980520046
8/16/18,-0.0013705469401164017
8/17/18,-0.002050734161553436
8/18/18,0.008446083185146502
8/19/18,-0.0022090555279046242
8/20/18,0.005560160453419893
8/21/18,-0.005751250768763594
8/22/18,0.011646366017183496
8/23/18,-0.014824725810130168
8/24/18,0.012733609615787067
8/25/18,0.011512606578218954
8/26/18,0.0012160247033206062
8/27/18,-0.0012265649290199576
8/28/18,0.017778677605063464
8/29/18,0.004821694543768906
8/30/18,-0.009022158102621969
8/31/18,0.00307643700437632
9/1/18,0.0022851347559824653
9/2/18,0.013952683079892392
9/3/18,0.0007790871829800317
9/4/18,0.00024700077392791897
9/5/18,-0.009183365252313447
9/6/18,-0.04362514431163245
9/7/18,0.004560967298760765
9/8/18,-0.009118890689301384
9/9/18,-0.0054701718428789015
9/10/18,-0.0031510052986654102
9/11/18,0.003834058831943654
9/12/18,-0.0016020427840968132
9/13/18,0.003647126783182575
9/14/18,0.011718779834790194
9/15/18,0.0013072831026708087
9/16/18,0.000248766864044736
9/17/18,-0.00818601976072797
9/18/18,-0.0071124545099330305
9/19/18,0.0031446545266939907
9/20/18,0.00518484203064995
9/21/18,0.016687451286537147
9/22/18,0.005572117726472481
9/23/18,-0.0029460336064150994
9/24/18,-0.004628755685704533
9/25/18,-0.0036690239397749735
9/26/18,-0.0076411190276304275
9/27/18,0.004464845968406905
9/28/18,0.009894300216193752
9/29/18,-0.008898830429289184
9/30/18,0.002819230120350902
10/1/18,0.0011765026325440964
10/2/18,-0.003189779432265727
10/3/18,-0.0061473942055068065
10/4/18,0.0008936239844299365
10/5/18,0.005644533687599207
10/6/18,0.0008545507774120331
10/7/18,-0.0005194105320147635
10/8/18,0.002959419711385358
10/9/18,0.00020625108917737833
10/10/18,0.00033687427149597937
10/11/18,-0.02552192539929976
10/12/18,0.000825943814997121
10/13/18,-0.0009396528344933763
10/14/18,0.0036276227297626917
10/15/18,0.010433708160391575
10/16/18,0.009756479450019562
10/17/18,-0.00019048713544966844
10/18/18,-0.001862989287720218
10/19/18,-0.00388086971596735
10/20/18,-0.0013888527585534938
10/21/18,0.002853573817153343
10/22/18,-0.0017870784558962072
10/23/18,-0.0015620457991309955
10/24/18,0.0017976638665873068
10/25/18,-0.0012389253112781162
10/26/18,-0.001073157884216247
10/27/18,-0.0005259885653843277
10/28/18,-0.000585248388743409
10/29/18,-0.0050426331953845605
10/30/18,-0.005010577734959387
10/31/18,-0.0005401780952483115
11/1/18,0.0027939468156916725
11/2/18,0.003097286365828289
11/3/18,0.00018664757402708787
11/4/18,9.875763113065261e-05
11/5/18,0.003052987697741205
11/6/18,5.363440594674529e-05
11/7/18,0.006762607638147511
11/8/18,-0.0035035944516055295
11/9/18,-0.0027728951756147424
11/10/18,-0.003106527698808925
11/11/18,-0.001411586435343004
11/12/18,0.002055635693301472
11/13/18,-0.0024783380266266697
11/14/18,-0.013561896931042483
11/15/18,-0.03053930829298057
11/16/18,-0.01228623334503931
11/17/18,-0.0029550893753889085
11/18/18,0.0011078452774886394
11/19/18,-0.021446593769770317
11/20/18,-0.05509876184970208
11/21/18,-0.017062231439540554
11/22/18,0.005458789710165668
11/23/18,-0.02348609503282395
11/24/18,0.004376163145514145
11/25/18,-0.05632425204675995
11/26/18,0.010883100244483135
11/27/18,-0.014322604487237545
11/28/18,0.034126637533727244
11/29/18,0.016645574597926593
11/30/18,0.001523814532692569
12/1/18,-0.016761546885162737
12/2/18,0.005323076370754354
12/3/18,-0.00281719384348067
12/4/18,-0.019204348422846795
12/5/18,-0.011457402160627073
12/6/18,-0.012952024506553084
12/7/18,-0.0412503395841366
12/8/18,0.003770563088401957
12/9/18,0.0023098544531801046
12/10/18,0.008751389492180905
12/11/18,-0.012219526971136485
12/12/18,-0.00240361913229048
12/13/18,-6.596595040786468e-05
12/14/18,-0.016683339187370638
12/15/18,-0.004789249336857093
12/16/18,0.0038429171511920046
12/17/18,0.015795507913467066
12/18/18,0.020520002886034838
12/19/18,0.029674089200144138
12/20/18,0.019492254656405805
12/21/18,0.016301427541785873
12/22/18,-0.02421061419805337
12/23/18,0.012748357960943313
12/24/18,-0.0034979488100312928
12/25/18,-0.020168239598765236
12/26/18,0.0013074640975809793
12/27/18,0.002584275449368789
12/28/18,-0.011933943653482881
12/29/18,0.01910575681687332
12/30/18,-0.01604775766766542
12/31/18,0.002433490879975686
1/1/19,-0.004522036138148611
1/2/19,0.011829235573241448
1/3/19,0.001115591241056535
1/4/19,-0.004877215718055883
1/5/19,0.0038449639694064786
1/6/19,0.007129808816103367
1/7/19,0.012624542621891166
1/8/19,-0.00041374997849663586
1/9/19,0.00020333576391884378
1/10/19,-0.024531156582232594
1/11/19,-0.019373187635848055
1/12/19,1.1414246460450528e-05
1/13/19,-0.005574456903517433
1/14/19,-0.008267622992355506
1/15/19,0.015083650344271504
1/16/19,-0.0042384201300089686
1/17/19,1.90882797466152e-05
1/18/19,0.0013129742228787933
1/19/19,0.0068948862622355556
1/20/19,0.0015806775414635155
1/21/19,-0.0186326966702679
1/22/19,-0.0010302206706982453
1/23/19,0.0057680350481215115
1/24/19,-0.002543699571956548
1/25/19,0.002410510117892173
1/26/19,-0.001025715385392978
1/27/19,-0.00018090317214181084
1/28/19,-0.0026554241322638283
1/29/19,-0.013138213379049635
1/30/19,-0.0034110679364518504
1/31/19,0.006100237542119302
2/1/19,-0.0031642015884840724
2/2/19,0.0038307761192739598
2/3/19,0.003843113374060625
2/4/19,-0.006262915617889053
2/5/19,-0.0004614289328812582
2/6/19,0.0018816115945092804
2/7/19,-0.007790040394383357
2/8/19,-0.0013973130437223702
2/9/19,0.032800142659099585
2/10/19,0.00039128515812736353
2/11/19,0.0025889940041796677
2/12/19,-0.006746287103327031
2/13/19,0.00035284720426487226
2/14/19,-0.002147829140714208
2/15/19,-0.0017083323453959132
2/16/19,0.0009507054385964331
2/17/19,0.0013639781180514454
2/18/19,0.006099044045169588
2/19/19,0.027511982173359595
2/20/19,0.001743313443071326
2/21/19,0.006656922238323926
2/22/19,-0.004632045328186063
2/23/19,0.004228844163299161
2/24/19,0.016695737244890374
2/25/19,-0.04097544006997689
2/26/19,0.009289368153793998
2/27/19,-0.001909143923398915
2/28/19,0.0002017159729268414
3/1/19,0.0019048753081527536
3/2/19,-0.0017474206535994519
3/3/19,-0.00036030412797893874
3/4/19,-0.0019153015117874261
3/5/19,-0.009623806420312242
3/6/19,0.01614046743693498
3/7/19,0.0005156095163081353
3/8/19,0.001115430811660989
3/9/19,-0.0012151422944883805
3/10/19,0.008279375653209797
3/11/19,-0.00246838757681056
3/12/19,-0.005236560680168534
3/13/19,0.0012760230913033688
3/14/19,-0.001647690518713052
3/15/19,0.000832451438662396
3/16/19,0.005695757898151577
3/17/19,0.008678041272452308
3/18/19,-0.002280210248146286
3/19/19,0.0004183384355935793
3/20/19,0.0032826991226118096
3/21/19,0.0029316496835067873
3/22/19,-0.00691325399483711
3/23/19,0.0007304000816605871
3/24/19,0.001394344221251398
3/25/19,-0.0019322429423440646
3/26/19,-0.0063770691150599745
3/27/19,0.0013055898073348615
3/28/19,0.010946674238172527
3/29/19,-0.0011966647017791487
3/30/19,0.00832933068106989
3/31/19,-0.00011714883683566768
4/1/19,-2.9556049627288417e-05
4/2/19,0.0040316012671048895
4/3/19,0.07036327264146003
4/4/19,0.0067889885493666036
4/5/19,-0.004273882357054948
4/6/19,0.010270615288205498
4/7/19,0.0021322159981638222
4/8/19,0.01152232178273982
4/9/19,0.006587984218396681
4/10/19,-0.0077259694842344295
4/11/19,0.011130917341585889
4/12/19,-0.023108042690373587
4/13/19,0.003250820788392783
4/14/19,-0.0007051551070054174
4/15/19,0.007471977661713147
4/16/19,-0.009917599336182636
4/17/19,0.013622223609250916
4/18/19,0.0019778176320879304
4/19/19,0.0046290185698514286
4/20/19,6.0082338270817104e-05
4/21/19,0.0026452435565644805
4/22/19,-0.002251210727100439
4/23/19,0.007770963326494407
4/24/19,0.011238906468303611
4/25/19,-0.006659469830915032
4/26/19,-0.019498274921435854
4/27/19,0.008051401127477487
4/28/19,-0.0010383948704282275
4/29/19,0.0017320121029849034
4/30/19,-0.003342153969640105
5/1/19,0.0007539006084069655
5/2/19,0.004662483016479868
5/3/19,0.005145864821864521
5/4/19,0.02099526971669441
5/5/19,0.008660168066950913
5/6/19,-0.004038768119565717
5/7/19,-0.0025283476974347074
5/8/19,0.005409679721914085
5/9/19,0.013446907762364457
5/10/19,0.015110288138751482
5/11/19,0.01398143192471446
5/12/19,0.05759847286043618
5/13/19,-0.01646658615252239
5/14/19,0.04960926378588626
5/15/19,0.009313532131822289
5/16/19,0.011486172640320813
5/17/19,-0.017324571765783503
5/18/19,-0.02984577884979167
5/19/19,-0.005770183444537835
5/20/19,0.05224145129497426
5/21/19,-0.01000860318440644
5/22/19,-0.0029677779052446063
5/23/19,-0.018210863302968505
5/24/19,0.014249385637778555
5/25/19,0.006724725830244527
5/26/19,0.00368463485339543
5/27/19,0.03477944808225031
5/28/19,0.0012715557037017433
5/29/19,-0.0024920562219268305
5/30/19,-0.0028431966062587577
5/31/19,-0.02003263587190185
6/1/19,0.014524923454426464
6/2/19,5.026142247244181e-05
6/3/19,0.009253369468062544
6/4/19,-0.031109943850622823
6/5/19,-0.02522963610773754
6/6/19,0.00619298026192272
6/7/19,0.0009577773904378972
6/8/19,0.010722738701091306
6/9/19,-0.0036505790486160983
6/10/19,-0.016218535038920123
6/11/19,0.021066912804478477
6/12/19,-0.005602485120819178
6/13/19,0.013792226949644881
6/14/19,0.0034307741923762514
6/15/19,0.023384192690610206
6/16/19,0.00820808781644855
6/17/19,0.005819746012606597
6/18/19,0.016536838617249305
6/19/19,-0.01186122621502017
6/20/19,0.009724426905203032
6/21/19,0.01152689034623533
6/22/19,0.029844951314194734
6/23/19,0.019109284723048958
6/24/19,0.0058969882275912155
6/25/19,0.00807741738187584
6/26/19,0.028560549006812153
6/27/19,0.04104055797080619
6/28/19,-0.06507780857870227
6/29/19,0.04591603799829258
6/30/19,-0.01732666129133964
7/1/19,-0.04428325484912854
7/2/19,-0.006479357161702559
7/3/19,0.00920772618218546
7/4/19,0.04498849306282615
7/5/19,-0.030946078853735237
7/6/19,-0.008064537858751386
7/7/19,0.010839916606227185
7/8/19,0.009370118629255408
7/9/19,0.030537941114824996
7/10/19,0.009547940219504447
7/11/19,-0.017132860288307405
7/12/19,-0.0276761162489354
7/13/19,0.016922432220074946
7/14/19,-0.015538690847589187
7/15/19,-0.048444805348594855
7/16/19,0.02832475794193634
7/17/19,-0.06334685749813262
7/18/19,0.012596151589165938
7/19/19,0.04126419438555207
7/20/19,-0.004217390466368265
7/21/19,0.009344543003248162
7/22/19,-0.007220268257777107
7/23/19,-0.010957721253609165
7/24/19,-0.020647170175683627
7/25/19,-0.0031938266323665587
7/26/19,0.00455356719416633
7/27/19,-0.0011678768717975352
7/28/19,-0.01684378183929036
7/29/19,0.002559978653303041
7/30/19,-0.0013084983777003067
7/31/19,0.003994804144777486
8/1/19,0.02188377692846144
8/2/19,0.013669665439342005
8/3/19,0.005077162422452375
8/4/19,0.011599444864259567
8/5/19,0.006602181202119972
8/6/19,0.030828321494856148
8/7/19,-0.01204032081601003
8/8/19,0.01836151673387665
8/9/19,0.0012903455016548548
8/10/19,-0.0050896664771702405
8/11/19,-0.021567069611549528
8/12/19,0.010820164094133666
8/13/19,-0.006833631678715868
8/14/19,-0.020626459491995597
8/15/19,-0.035018697470285076
8/16/19,0.012192772520205786
8/17/19,0.0024075673362817795
8/18/19,-0.006118316284874581
8/19/19,0.004360723716166248
8/20/19,0.024534966540461944
8/21/19,-0.006278779940068091
8/22/19,-0.026251152097001018
8/23/19,-0.0007475193630614996
8/24/19,0.01243968986736732
8/25/19,-0.01107521397143163
8/26/19,-0.0003743537858493795
8/27/19,0.009545168860269015
8/28/19,-0.007967276195504525
8/29/19,-0.0198353662368862
8/30/19,-0.01055212014811957
8/31/19,0.004257648918368773
9/1/19,0.0010375669616879968
9/2/19,0.00757328249309186
9/3/19,0.0265898505424067
9/4/19,0.009702187551947183
9/5/19,-0.001520870398180385
9/6/19,-0.0002610451005553571
9/7/19,-0.01082213656980624
9/8/19,0.007086749816446414
9/9/19,-0.0033632053547449914
9/10/19,-0.0038839488597988137
9/11/19,-0.009047149397915177
9/12/19,0.0024989790598937134
9/13/19,0.011009747519957536
9/14/19,-0.0023511736617756185
9/15/19,-0.00010770802777226862
9/16/19,-0.0021387277913182956
9/17/19,-0.0018911709563660395
9/18/19,-0.003196080286173242
9/19/19,-0.0013988477931317078
9/20/19,0.005028344980884114
9/21/19,-0.004365283535048725
9/22/19,-0.008345393155988923
9/23/19,0.002324629256228228
9/24/19,-0.015406001584026718
9/25/19,-0.05387753017797303
9/26/19,-0.006207000834328458
9/27/19,-0.019842394262767016
9/28/19,0.0073906097204208265
9/29/19,0.0016452471895598286
9/30/19,-0.008976557919907258
10/1/19,0.013323547642878353
10/2/19,0.0007928238646175423
10/3/19,0.0030734906679845686
10/4/19,-0.007623908713527694
10/5/19,-0.004275775142565497
10/6/19,-0.00041503023908884273
10/7/19,-0.01507411238147549
10/8/19,0.018489614003309285
10/9/19,-0.0011660966438182818
10/10/19,0.020604088391266373
10/11/19,-5.1584863429710026e-05
10/12/19,-0.016345074868030718
10/13/19,0.0020056801850385497
10/14/19,-0.0012695027336233622
10/15/19,0.003643048649749403
10/16/19,-0.010065452676144115
10/17/19,-0.008578878330904871
10/18/19,0.004012027964084286
10/19/19,-0.006644476790993004
10/20/19,0.00032147342908617205
10/21/19,0.014540517356671057
10/22/19,-0.00045082896348525026
10/23/19,-0.010464660737101728
10/24/19,-0.031245257643957913
10/25/19,-0.0021963314894750674
10/26/19,0.06675958491256218
10/27/19,0.028743333018498074
10/28/19,0.01347179219494743
10/29/19,-0.015400890008074875
10/30/19,0.009993439351587252
10/31/19,-0.012551485938057994
11/1/19,-0.0007892557220507967
11/2/19,0.0049568863633053795
11/3/19,0.002255956277536164
11/4/19,-0.004459530572170856
11/5/19,0.009882473245267587
11/6/19,-0.005002447718922554
11/7/19,0.0015436088752491806
11/8/19,-0.00651421857231016
11/9/19,-0.02118448631063341
11/10/19,0.002143374981753432
11/11/19,0.011083226109522837
11/12/19,-0.015622649558009627
11/13/19,0.004150280604641399
11/14/19,-0.0019336142452739402
11/15/19,-0.006496534663980924
11/16/19,-0.008875768372409887
11/17/19,0.0012823450798795655
11/18/19,0.0010855686679991372
11/19/19,-0.017079325031806203
11/20/19,-0.0029415368409826392
11/21/19,-0.002090178623672223
11/22/19,-0.025720689415341447
11/23/19,-0.01927791797523648
11/24/19,0.002240085796359814
11/25/19,-0.025435508295221787
11/26/19,0.013790151047541332
11/27/19,0.0020283892349048926
11/28/19,0.02130582762300559
11/29/19,-0.005391712854073916
11/30/19,0.018672843432862685
12/1/19,-0.011329306692624996
12/2/19,-0.00900123508908024
12/3/19,-0.005496545195959435
12/4/19,-0.0007623606001350147
12/5/19,-0.006229653560949622
12/6/19,0.012094137278425787
12/7/19,0.008790142585319405
12/8/19,-0.0024444244454437936
12/9/19,0.0010149867471715979
12/10/19,-0.010812466602833748
12/11/19,-0.0069604687898867645
12/12/19,-0.0011111001418799837
12/13/19,-0.0007936609708969478
12/14/19,0.0037718608924133257
12/15/19,-0.011169445356068675
12/16/19,0.002658664066378158
12/17/19,-0.014379828728618538
12/18/19,-0.017218673373284865
12/19/19,0.04204650071017735
12/20/19,-0.008028951991965183
12/21/19,0.0023808832198568552
12/22/19,-0.002846348741874838
12/23/19,0.022002077321180646
12/24/19,-0.011260417666885125
12/25/19,-0.0042551321525130525
12/26/19,-0.003486183152564326
12/27/19,0.00010142609958307958
12/28/19,0.0029796645551405376
12/29/19,0.0034122673575205376
12/30/19,0.0049851575672597015
12/31/19,-0.009858533618325449
1/1/20,-0.0030963577521290198
1/2/20,0.0004462845572659191
1/3/20,-0.014232712399422809
1/4/20,0.023257311599821584
1/5/20,0.0012749838981727102
1/6/20,0.00021745067190170886
1/7/20,0.02343908833694286
1/8/20,0.02216200236611865
1/9/20,-0.006582018056861205
1/10/20,-0.012307947462204538
1/11/20,0.019909421013867945
1/12/20,-0.008745596617321105
1/13/20,0.008177993013303464
1/14/20,-0.003667160395969926
1/15/20,0.0378052602729122
1/16/20,-0.0014035132315228793
1/17/20,-0.004550049957256164
1/18/20,0.008789021228546634
1/19/20,0.0005125357187893975
1/20/20,-0.010232185309716701
1/21/20,-0.0038538314382940975
1/22/20,0.004795911998596747
1/23/20,-0.0031642980057817738
1/24/20,-0.013800613234971948
1/25/20,0.0020691698587045337
1/26/20,-0.005225946896827871
1/27/20,0.013405934568041733
1/28/20,0.01527075929720123
1/29/20,0.023282171889929426
1/30/20,-0.004927121476125951
1/31/20,0.010292852498199778
2/1/20,-0.0077748418961061105
2/2/20,0.002057301351328533
2/3/20,-0.0029520517068113428
2/4/20,-0.007165420940330236
2/5/20,0.0
2/6/20,0.020947848078733955
2/7/20,0.006311884356179576
2/8/20,0.0023034320090289384
2/9/20,0.004387335343782883
2/10/20,0.01104928901798452
2/11/20,-0.013349338290361779
2/12/20,0.018150517605862504
2/13/20,0.003322852096051321
2/14/20,-0.00471773931651942
2/15/20,0.005314184053927029
2/16/20,-0.019899102401529145
2/17/20,0.0014664848590428825
2/18/20,-0.010336915985973416
2/19/20,0.02082785206158766
2/20/20,-0.025290798432080486
2/21/20,9.675312443002682e-05
2/22/20,0.0040371230726803375
2/23/20,-0.001208728382329216
2/24/20,0.014129112434959179
2/25/20,-0.014393282655823736
2/26/20,-0.016235658053703972
2/27/20,-0.025142556480445055
2/28/20,0.0009480777253787487
2/29/20,-0.004580235521098874
3/1/20,-0.008974024227128119
3/2/20,0.018853846040327138
3/3/20,0.0
3/4/20,-0.007791726080653927
3/5/20,0.0002261583672962253
3/6/20,0.015032727642223964
3/7/20,0.0042182706751652255
3/8/20,-0.012377416938890384
3/9/20,-0.044100592340500455
3/10/20,-0.005843136697992968
3/11/20,-0.002552387322970695
3/12/20,0.0028101956184576338
3/13/20,-0.21567121597427175
3/14/20,0.06492175013792689
3/15/20,-0.03571150392103428
3/16/20,0.01505086922786747
3/17/20,-0.026974401602690268
3/18/20,0.027718369989340186
3/19/20,0.004244631709075186
3/20/20,0.05883960304197933
3/21/20,0.002184476159270421
3/22/20,-0.002559682657864215
3/23/20,-0.026561676998596795
3/24/20,0.04793920427091658
3/25/20,0.01743413954194617
3/26/20,-0.004516823291836225
3/27/20,0.0042125786245215124
3/28/20,-0.026110161106129404
3/29/20,-0.007437150314973273
3/30/20,-0.026863512684136115
3/31/20,0.036762074406681666
4/1/20,0.0015559880562174833
4/2/20,0.014914251925857602
4/3/20,0.010081312963457822
4/4/20,-0.004322859891508379
4/5/20,0.00829606880325473
4/6/20,-0.0059978775955285
4/7/20,0.034819675345345136
4/8/20,-0.008218220713930524
4/9/20,0.009507384060093216
4/10/20,-0.004227219423010631
4/11/20,-0.025785791890787113
4/12/20,0.0011585534472486891
4/13/20,0.0014953592328761367
4/14/20,-0.0036394723931603146
4/15/20,0.0009040417590018279
4/16/20,-0.015972780104743567
4/17/20,0.030901024384098807
4/18/20,-0.004750924163391623
4/19/20,0.01364102305602799
4/20/20,-0.0078063678197879405
4/21/20,-0.01802062642405655
4/22/20,0.0007789719045065979
4/23/20,0.017299515664000342
4/24/20,0.020612402257500495
4/25/20,0.0017088143149242008
4/26/20,0.0024482959798617365
4/27/20,0.008530209871225214
4/28/20,0.005124701434176426
4/29/20,-0.0014143347930959393
4/30/20,0.05321735376080294
5/1/20,-0.007428377232355565
5/2/20,0.009749088694968489
5/3/20,0.007279372342613222
5/4/20,-0.003394641495547024
5/5/20,-0.0008798248487891236
5/6/20,0.0070310309908978574
5/7/20,0.006672830039858635
5/8/20,0.03770094293709203
5/9/20,-0.00791660527313276
5/10/20,-0.013217143148184007
5/11/20,-0.03674458053060148
5/12/20,-0.006860670030832683
5/13/20,0.009830467519114983
5/14/20,0.023560621194701703
5/15/20,0.02203666209529631
5/16/20,-0.02214588029039266
5/17/20,0.0038161053041463333
5/18/20,0.01293285781137854
5/19/20,0.0022385889677982718
5/20/20,0.0029555573908575106
5/21/20,-0.012382559846366714
5/22/20,-0.021199413746185503
5/23/20,0.0052278498023552444
5/24/20,0.0005236463008277958
5/25/20,-0.021712637436538174
5/26/20,0.008322857540307371
5/27/20,-0.0027811571004239255
5/28/20,0.017079427046760465
5/29/20,0.017204400197193603
5/30/20,-0.006549571505769514
5/31/20,0.012360144001847928
6/1/20,-0.011216247194874907
6/2/20,0.03330982815578487
6/3/20,-0.029889266057226305
6/4/20,0.005998026907700904
6/5/20,0.006095931249286757
6/6/20,-0.0076405983661316235
6/7/20,0.0021014529739566967
6/8/20,0.0037302868796595945
6/9/20,0.0012777796173559786
6/10/20,-0.0003304217257440456
6/11/20,0.00516638473846287
6/12/20,-0.027441493365640834
6/13/20,0.00804143738933627
6/14/20,0.000620700309068134
6/15/20,-0.006625557346854105
6/16/20,0.004474783990662257
6/17/20,0.004550891078314301
6/18/20,-0.0032577713113468576
6/19/20,-0.003448578485840237
6/20/20,-0.0037142741312310434
6/21/20,0.0026666337306022747
6/22/20,-0.0033849692539176246
6/23/20,0.018637306760177275
6/24/20,-0.003166591669689911
6/25/20,-0.015854438587396213
6/26/20,-0.001675973512088369
6/27/20,-0.004079663736363592
6/28/20,-0.00718567708545903
6/29/20,0.005903834300001964
6/30/20,0.002745295188344876
7/1/20,-0.0024361285233300833
7/2/20,0.004842211350316372
7/3/20,-0.007034429596160852
7/4/20,-0.0007442153027525933
7/5/20,0.0028099396399325904
7/6/20,-0.0020126831291622516
7/7/20,0.012240575118596553
7/8/20,-0.004326841455589925
7/9/20,0.008541077206911218
7/10/20,-0.009395376313949377
7/11/20,0.00231431224903611
7/12/20,-0.002412107261072105
7/13/20,0.0028093998144527177
7/14/20,-0.0027073737844762746
7/15/20,0.0007698289236222067
7/16/20,-0.0028725455172295966
7/17/20,-0.002963010019801704
7/18/20,0.0011015794131754575
7/19/20,0.0009724234942529719
7/20/20,0.001886969683779327
7/21/20,-0.0024003957758904626
7/22/20,0.010709682225663375
7/23/20,0.006641395571038711
7/24/20,0.003433914452239062
7/25/20,-0.0028023350584622797
7/26/20,0.00704582243158125
7/27/20,0.010227863001069704
7/28/20,0.045728212757247366
7/29/20,-0.004247070569404876
7/30/20,0.006611027247020118
7/31/20,0.00047930027442699696
8/1/20,0.008854891797934528
8/2/20,0.017991410902323146
8/3/20,-0.02830069067737906
8/4/20,0.006413256359733666
8/5/20,-0.0018705985793596724
8/6/20,0.02105321389785164
8/7/20,0.0008367150418999714
8/8/20,-0.006217332630635397
8/9/20,0.006020299548713304
8/10/20,-0.003094119092704517
8/11/20,0.0076987358895515
8/12/20,-0.018676145616165485
8/13/20,0.006833712251033575
8/14/20,0.007600450636295442
8/15/20,-0.00011248376895167667
8/16/20,0.0036582651958996237
8/17/20,0.001461647202681604
8/18/20,0.013625357181604514
8/19/20,-0.011606219895605285
8/20/20,-0.008631013692853351
8/21/20,0.004851672088114434
8/22/20,-0.01273973202077272
8/23/20,0.0060127086453407586
8/24/20,-0.0011322407616596308
8/25/20,0.004113939788787491
8/26/20,-0.016038962170690674
8/27/20,0.004950355997040745
8/28/20,-0.006308138221375437
8/29/20,0.008852498992476754
8/30/20,-0.0020042605179311224
8/31/20,0.008470627344336457
9/1/20,-0.0017920189220772542
9/2/20,0.00971211597053312
9/3/20,-0.019587335486257906
9/4/20,-0.0487392665570221
9/5/20,0.011791102234696815
9/6/20,-0.012981685937274001
9/7/20,0.004055235880235486
9/8/20,0.004751397290721826
9/9/20,-0.010438359910726724
9/10/20,0.0045377632614211905
9/11/20,0.005268450364155797
9/12/20,0.0017909248812708611
9/13/20,0.002125438087650089
9/14/20,-0.004835621501791287
9/15/20,0.014220544754001807
9/16/20,0.00449187766325565
9/17/20,0.006506730888387047
9/18/20,-0.00018012681854706614
9/19/20,-0.00048043889533477824
9/20/20,0.005904527126075365
9/21/20,-0.0063870889666448605
9/22/20,-0.019905256519249903
9/23/20,0.00421646026369249
9/24/20,-0.012454140547641046
9/25/20,0.020632282919491374
9/26/20,-0.0016049961664439394
9/27/20,0.0016037821960130927
9/28/20,0.0016897947840313066
9/29/20,-0.003314291352276122
9/30/20,0.005988978244674037
10/1/20,-0.0025263765876362143
10/2/20,-0.006441519506486415
10/3/20,-0.0018105960566208168
10/4/20,-0.0009575239239287825
10/5/20,0.004979910660413367
10/6/20,0.004658254359056535
10/7/20,-0.007504410775152515
10/8/20,0.0027379096717412565
10/9/20,0.010156881265614537
10/10/20,0.005526509679324221
10/11/20,0.00930067678650559
10/12/20,0.0028318225064118963
10/13/20,0.00619444381835077
10/14/20,-0.004227961915506562
10/15/20,0.00011702998765983352
10/16/20,0.002742297742671873
10/17/20,-0.006701925354032134
10/18/20,0.0014903837231727834
10/19/20,0.0053802624950822775
10/20/20,0.009331964736737142
10/21/20,0.006135774461927923
10/22/20,0.03180431899275771
10/23/20,0.005338050197915223
10/24/20,-0.0015315583859161208
10/25/20,0.006127834434639823
10/26/20,-0.003043781693797598
10/27/20,0.0013171969871779154
10/28/20,0.018692218452451392
10/29/20,-0.011687117610883924
10/30/20,0.005509520458197414
10/31/20,0.0034090116970491025
11/1/20,0.007792908188575254
11/2/20,-0.0016206588565559343
11/3/20,-0.00583780600449213
11/4/20,0.01410525777153726
11/5/20,0.004077440642271668
11/6/20,0.04195685971694285
11/7/20,0.00012198673064389709
11/8/20,-0.021577603269344436
11/9/20,0.018639021188301186
11/10/20,-0.004567731504539374
11/11/20,-0.00032566167513881084
11/12/20,0.010964016907965224
11/13/20,0.01593069276636605
11/14/20,0.0011646879823921097
11/15/20,-0.006649320036136608
11/16/20,-0.003330048557076637
11/17/20,0.020115145870559736
11/18/20,0.0241053612155131
11/19/20,0.0029068002286374295
11/20/20,0.0005394081687066787
11/21/20,0.02062845262199886
11/22/20,0.00028575674670161533
11/23/20,-0.006492421567324769
11/24/20,-0.0005512838343850746
11/25/20,0.017887104460385217
11/26/20,-0.009914247899820872
11/27/20,-0.038464363190118256
11/28/20,-0.0003184037637478099
11/29/20,0.014785824574133244
11/30/20,0.011102888906739494
12/1/20,0.03480977689162845
12/2/20,-0.020695653881535492
12/3/20,0.009925827553312061
12/4/20,0.005110117755147137
12/5/20,-0.0178652504318757
12/6/20,0.011127800681298261
12/7/20,0.005017814839746393
12/8/20,-0.0044208030960852795
12/9/20,-0.0199818477282383
12/10/20,0.005542382614391883
12/11/20,-0.007231502970207693
12/12/20,-0.00522924977481054
12/13/20,0.018256998083733933
12/14/20,0.008259731163632544
12/15/20,0.0025331705078430744
12/16/20,0.003660465175992833
12/17/20,0.041306462430918955
12/18/20,0.02884078773944232
12/19/20,0.005727889855625001
12/20/20,0.013285147954360532
12/21/20,-0.0069572235061468035
12/22/20,-0.01399863374585486
12/23/20,0.020137620805221523
12/24/20,-0.010546825010140815
12/25/20,0.008546932792146578
12/26/20,0.017551222380227216
12/27/20,0.029730116798250883
12/28/20,-0.003241452296678382
12/29/20,0.012880799799367182
12/30/20,0.005422340370924594
12/31/20,0.022869147099155995
1/1/21,0.0018917346602256302
1/2/21,0.006118252471547514
1/3/21,0.039539638464079374
1/4/21,0.010729570344639505
1/5/21,-0.01289906986494227
1/6/21,0.026449506285455726
1/7/21,0.03448552026760954
1/8/21,0.029883419544231238
1/9/21,0.01283326088945902
1/10/21,-0.004611099365719795
1/11/21,-0.022146836915513113
1/12/21,-0.031741120265390776
1/13/21,-0.019147913470515476
1/14/21,0.04116194738535395
1/15/21,0.02003389531680977
1/16/21,-0.026641448165433346
1/17/21,-0.00909592162224726
1/18/21,-0.0032901231577104895
1/19/21,0.010066558200861664
1/20/21,-0.007319504065653071
1/21/21,-0.005840316881182694
1/22/21,-0.0621841365395408
1/23/21,0.030024438118104513
1/24/21,-0.012043745852293064
1/25/21,0.0023894946507958537
1/26/21,-0.0004520640860468106
1/27/21,0.00400262629630177
1/28/21,-0.02929421163280299
1/29/21,0.040640323854067795
1/30/21,0.011686953779922682
1/31/21,4.859779882959714e-05
2/1/21,-0.01521712493888927
2/2/21,0.005035471080154785
2/3/21,0.025249469998436247
2/4/21,0.02547661844586191
2/5/21,-0.007841414843700711
2/6/21,0.014729903838736291
2/7/21,0.011693355806568384
2/8/21,-0.0043863075683132635
2/9/21,0.07592050004667872
2/10/21,0.0021050880810982164
2/11/21,-0.01625365599293893
2/12/21,0.029327140737494872
2/13/21,-0.004930240215485604
2/14/21,-0.0026263317212809056
2/15/21,0.013904869669619124
2/16/21,-0.006905210755064672
2/17/21,0.010807390573456033
2/18/21,0.025376900465389873
2/19/21,-0.004271366937091514
2/20/21,0.034821688477628676
2/21/21,0.0006573535667753205
2/22/21,0.01137880900909316
2/23/21,-0.02619107132069054
2/24/21,-0.04425005317551456
2/25/21,0.015228645905820848
2/26/21,-0.03411391306431
2/27/21,-0.00429081583372426
2/28/21,-0.0017319932651780334
3/1/21,-0.009916376391814197
3/2/21,0.04133245335783098
3/3/21,-0.011192290281154094
3/4/21,0.01864883004275164
3/5/21,-0.01781554742842406
3/6/21,0.0036817178896848546
3/7/21,0.00017959535308520458
3/8/21,0.019867546764242405
3/9/21,0.009483254433560795
3/10/21,0.020930005884411074
3/11/21,0.00874041331205877
3/12/21,0.013490714906822632
3/13/21,-0.003856887166397982
3/14/21,0.02936761673507604
3/15/21,-0.015334624384600204
3/16/21,-0.02555172536786543
3/17/21,0.008619763891800858
3/18/21,0.015309735656796164
3/19/21,-0.009292064166703362
3/20/21,0.0030708917747377384
3/21/21,8.000886648584782e-05
3/22/21,-0.005073577575251065
3/23/21,-0.02495736930541259
3/24/21,0.002177822214764369
3/25/21,-0.015989471588316206
3/26/21,-0.009129767733040417
3/27/21,0.02985271531477096
3/28/21,0.006181158360697658
3/29/21,-0.0006240903853163005
3/30/21,0.014123666098958765
3/31/21,0.008229901604639878
4/1/21,3.785945695256032e-05
4/2/21,1.234797628768547e-05
4/3/21,0.0021713249990549244
4/4/21,-0.014625236887081172
4/5/21,0.008514600977791886
4/6/21,0.0062781964501326115
4/7/21,-0.007668887464142848
4/8/21,-0.015802268099154304
4/9/21,0.016012775620584563
4/10/21,0.00040374213650462565
4/11/21,0.012316901911970213
4/12/21,0.0013845772550240554
4/13/21,-0.000943488266068826
4/14/21,0.026192488126629776
4/15/21,-0.004018272321755667
4/16/21,0.001950963849364662
4/17/21,-0.01251443939730823
4/18/21,-0.009782976716786074
4/19/21,-0.028647218365750682
4/20/21,-0.004254276250599709
4/21/21,0.006229567638370348
4/22/21,-0.021255937918285284
4/23/21,-0.017096472552582398
4/24/21,-0.004884621489388508
4/25/21,-0.008943216696781775
4/26/21,-0.009063555120188305
4/27/21,0.041983606734048884
4/28/21,0.008077542471006005
4/29/21,-0.0014800432625889925
4/30/21,-0.010410201023109522
5/1/21,0.032866095285270625
5/2/21,0.00045722280365545487
5/3/21,-0.00946298017371383
5/4/21,0.0046005419897738875
5/5/21,-0.031245148711824378
5/6/21,0.03321352807675382
5/7/21,-0.007969716104140545
5/8/21,0.007266698366700908
5/9/21,0.011565083636935647
5/10/21,-0.0048026881800584675
5/11/21,-0.018241384637933677
5/12/21,0.006682267580394807
5/13/21,-0.06370695062988663
5/14/21,0.006117309030468476
5/15/21,0.0019202753748048806
5/16/21,-0.02863957039200926
5/17/21,-0.0027493816106316515
5/18/21,-0.02745851290297807
5/19/21,-0.0068683556568025494
5/20/21,-0.06479854525505324
5/21/21,0.04271109185628319
5/22/21,-0.0390132446810183
5/23/21,0.002878910690492731
5/24/21,-0.03334734698829678
5/25/21,0.04702014112194419
5/26/21,-0.0035817252902718977
5/27/21,0.009567144128406646
5/28/21,-0.009173963443974031
5/29/21,-0.03230121732322733
5/30/21,-0.012867889567997892
5/31/21,0.012806676946587991
6/1/21,0.019350823411366846
6/2/21,-0.007607800294175959
6/3/21,0.01079359338283492
6/4/21,0.018142310132317263
6/5/21,-0.026303845266390624
6/6/21,-0.016255940312694506
6/7/21,0.0034792904161866645
6/8/21,-0.02884160358255361
6/9/21,-0.0008389502174646069
6/10/21,0.04775664972273308
6/11/21,-0.007435098057292144
6/12/21,0.007142122574963494
6/13/21,-0.02169630621044316
6/14/21,0.04164210455646078
6/15/21,0.015923535272314382
6/16/21,-0.00362915157498378
6/17/21,-0.020621754846279927
6/18/21,-0.002920173404231896
6/19/21,-0.027529688659259755
6/20/21,-0.0025068886161392356
6/21/21,0.0008327237285508104
6/22/21,-0.05048170721407974
6/23/21,0.010307489496772959
6/24/21,0.016120773803462107
6/25/21,0.012266890592636415
6/26/21,-0.039325674203513294
6/27/21,0.00708389280475874
6/28/21,0.03230534234875293
6/29/21,-0.002360367489148807
6/30/21,0.017187992856110945
7/1/21,-0.009805986834548364
7/2/21,-0.01913265268480746
7/3/21,0.004124020793461192
7/4/21,0.010544852271674898
7/5/21,0.007697577875513062
7/6/21,-0.019641453472286408
7/7/21,0.005918241529869306
7/8/21,-0.004747862121057267
7/9/21,-0.012520436197207552
7/10/21,0.012257000062593448
7/11/21,-0.003907987798887014
7/12/21,0.009130345664186024
7/13/21,-0.013785353881087481
7/14/21,-0.006222384679538173
7/15/21,0.0016980301039497547
7/16/21,-0.014479617920167165
7/17/21,-0.004364170986846716
7/18/21,0.0013718443035592998
7/19/21,0.003606280933053263
7/20/21,-0.013426163530326107
7/21/21,-0.014701417805933481
7/22/21,0.03267530302802513
7/23/21,0.0024248460070070976
7/24/21,0.01692762120739033
7/25/21,0.008930679317133539
7/26/21,0.013543666872683602
7/27/21,0.02334387115225134
7/28/21,0.023641812321057998
7/29/21,0.006525657630980675
7/30/21,3.691112763171134e-05
7/31/21,0.023333678278878445
8/1/21,-0.005748582741999186
8/2/21,-0.017644480563992815
8/3/21,-0.008846062237028995
8/4/21,-0.011861009037101411
8/5/21,0.017980748168766603
8/6/21,0.012193471310352422
8/7/21,0.020174871726496235
8/8/21,0.017960068389402117
8/9/21,-0.00803295843918761
8/10/21,0.024260617245201566
8/11/21,-0.0068501815683550404
8/12/21,2.9422768044184977e-05
8/13/21,-0.01151712528941129
8/14/21,0.03217966888591839
8/15/21,-0.006603224816011277
8/16/21,-0.0005145016286496329
8/17/21,-0.010025739406669842
8/18/21,-0.012785497851115046
8/19/21,0.00125578025842632
8/20/21,0.01857566040259062
8/21/21,0.023452311754817323
8/22/21,-0.0034981617508593743
8/23/21,0.003567973944676339
8/24/21,0.001650211699776527
8/25/21,-0.015887252928430406
8/26/21,0.011024561672548394
8/27/21,-0.01819465659142505
8/28/21,0.018945764349031613
8/29/21,-0.0014117590981967965
8/30/21,-0.0008078313531809656
8/31/21,-0.015691949467576016
9/1/21,0.0007475549604407661
9/2/21,0.015442232579458093
9/3/21,0.004124405213379312
9/4/21,0.006174368898014038
9/5/21,-0.0007640562960400388
9/6/21,0.015557567169878439
9/7/21,0.007554052009284717
9/8/21,-0.05129339085965334
9/9/21,-0.006833738492014518
9/10/21,0.002727624477115498
